MCQ,Choices,Correct
"What are some potential health benefits of Lion""s Mane mushrooms?","a: Improved cognitive function, reduced inflammation, and boosted immune system | b: Increased risk of disease, liver damage, and stroke | c: Reduced muscle mass and bone density | d: Decreased energy levels",a
"How can Lion""s Mane mushrooms help with obesity?",a: By increasing inflammation in fat tissue | b: By decreasing the amount of inflammation fat tissue releases | c: By reducing appetite | d: By increasing metabolism,b
"What is one potential benefit of Lion""s Mane mushrooms for people with mild Alzheimer""s disease symptoms?",a: Improved cognitive function | b: Reduced risk of disease | c: Increased energy levels | d: Improved sleep quality,a
"How can Lion""s Mane mushrooms be prepared for consumption?","a: Only cooked and dried | b: Raw, cooked, dried, or steeped as tea | c: Only raw and steamed | d: Only in capsule form",b
"What is a potential side effect of Lion""s Mane mushrooms for people with allergies?",a: Difficulty breathing or skin rashes | b: Increased appetite | c: Reduced energy levels | d: Improved sleep quality,a
"What is the recommended dosage of Lion""s Mane mushrooms for improving cognition?",a: 1-2 grams per day | b: 3-5 grams per day | c: 10-15 grams per day | d: 20-25 grams per day,b
"What is one potential benefit of Lion""s Mane mushrooms for people with mild Alzheimer""s disease symptoms?",a: Improved cognitive function | b: Reduced risk of disease | c: Increased energy levels | d: Improved sleep quality,a
"How can Lion""s Mane mushrooms be obtained in supplement form?","a: Only in capsule and tablet form | b: In various forms including tablets, capsules, powder, tinctures | c: Only in powder and tincture form | d: Only in liquid form",b
"What is a potential risk of taking Lion""s Mane mushroom supplements without proper guidelines?",a: Increased risk of disease | b: Reduced effectiveness | c: Uncertainty about safety and efficacy | d: None of the above,c
